metric,mean,std
accuracy,0.8703913229279013,0.07010083161770976
f1_macro,0.5431298210884826,0.02915587518776037
f1_fail,0.1581058572763642,0.04986803328661
recall_fail,0.19238095238095237,0.12147991444890169
precision_fail,0.3280952380952381,0.3791357146836104
roc_auc,0.6680317653266366,0.04755629581988868
pr_auc,0.17210440104882946,0.053776369310375494
brier_test,0.06492579475613244,0.0036943881206920825
