fold,best_threshold,f1_fail_train,recall_fail_train,precision_fail_train,roc_auc_train,pr_auc_train,brier_train,f1_fail_val,recall_fail_val,precision_fail_val,roc_auc_val,pr_auc_val,brier_val,accuracy,f1_macro,f1_fail,recall_fail,precision_fail,roc_auc,pr_auc,brier_test,f1_fail_default,recall_fail_default
1,0.32,1.0,1.0,1.0,1.0,1.0,0.000128329148941022,0.34782608695652173,0.23529411764705882,0.6666666666666666,0.7883358471593765,0.32901739372296085,0.05598001885897908,0.9012738853503185,0.5762483130904184,0.20512820512820512,0.19047619047619047,0.2222222222222222,0.6596782057532911,0.130458895744265,0.0689065615456034,0.14285714285714285,0.09523809523809523
2,0.62,1.0,1.0,1.0,1.0,1.0,0.00013616121362875443,0.3,0.17647058823529413,1.0,0.7217194570135748,0.3050695768596989,0.058302453415241554,0.9363057324840764,0.5289528952895289,0.09090909090909091,0.047619047619047616,1.0,0.7388265886559402,0.23977492873177286,0.05986087280852328,0.16,0.09523809523809523
3,0.28,1.0,1.0,1.0,1.0,1.0,0.00013519335733012011,0.42857142857142855,0.35294117647058826,0.5454545454545454,0.785570638511815,0.335692652031796,0.054026810081043736,0.8977635782747604,0.5726962457337884,0.2,0.2,0.2,0.684641638225256,0.2141224778595964,0.065894845511854,0.14285714285714285,0.1
4,0.04,0.9705882352941176,1.0,0.9428571428571428,1.0,1.0,0.00011040686679936499,0.23376623376623376,0.5294117647058824,0.15,0.7041226747109101,0.12983962239729216,0.065989520905195,0.7539936102236422,0.513788859972967,0.17204301075268819,0.38095238095238093,0.1111111111111111,0.6117090671885193,0.16230569917449356,0.06251875856383339,0.0,0.0
5,0.14,1.0,1.0,1.0,1.0,1.0,0.0001273443434891305,0.2777777777777778,0.29411764705882354,0.2631578947368421,0.7531422825540472,0.16499564918459417,0.0635422257919301,0.8626198083067093,0.5239627913557103,0.12244897959183673,0.14285714285714285,0.10714285714285714,0.6453033268101761,0.1138600037340195,0.0674479353508482,0.08,0.047619047619047616
