Model,F1_macro_mean,F1_macro_std,F1_fail_mean,F1_fail_std,Recall_fail_mean,Recall_fail_std,Precision_fail_mean,Precision_fail_std,PR_AUC_mean,PR_AUC_std,ROC_AUC_mean,ROC_AUC_std,Train_time_mean,Total_time
LogisticRegression,0.5586551213160587,0.02276052589855341,0.2381006346164277,0.04763426987893237,0.4990476190476191,0.13368660682184066,0.15719724144818362,0.02875646428317306,0.1727708068622304,0.03293128675839264,0.7344895573826332,0.05611099269853137,0.48627920150756837,34.41939926147461
RandomForest,0.5821340793916769,0.03894101739544199,0.20487303245923932,0.0764444109335369,0.15476190476190474,0.06649638116080449,0.325,0.1130388330520878,0.2445665388508373,0.060685796602374976,0.7614823151196988,0.031015722894463544,0.8837419986724854,35.498790979385376
XGBoost,0.5557069921578652,0.015242895750504306,0.15258620689655172,0.027541870501667308,0.1061904761904762,0.021904761904761903,0.3241414141414142,0.17552591257447875,0.2107296490343428,0.049737955777271504,0.7508914907306604,0.047281213255465575,0.6097241878509522,34.47981381416321
LightGBM,0.5703279070673515,0.02500028327178919,0.1769898706560698,0.050518858548534974,0.1157142857142857,0.039256121610523706,0.4545454545454545,0.09090909090909093,0.2535899356310777,0.0344266293180287,0.7547962125614189,0.034408468399817246,0.3769381523132324,33.44054412841797
