Model,F1_macro_mean,F1_fail_mean,F1_fail_std,Recall_fail_mean,Recall_fail_std,Precision_fail_mean,PR_AUC_mean,PR_AUC_std,ROC_AUC_mean,Optimal_threshold,Total_time
LogisticRegression,0.5567081316579723,0.24992999845264033,0.04367768118798552,0.5676190476190476,0.09834918585467113,0.16210049737036242,0.19029742796552612,0.08428383983420074,0.7152797722015545,0.41999999999999993,32.74708890914917
NaiveBayes,0.5035379195401821,0.20875273913607248,0.029391055651793226,0.6142857142857143,0.0857142857142857,0.12722935616194042,0.17531339351206832,0.050106152622917,0.6939040205357003,0.42000000000000004,30.505388021469116
RandomForest,0.5806378490183868,0.27469840602720963,0.025712992137836156,0.5580952380952382,0.06723566702751542,0.18295070394501137,0.20750781617547212,0.026896249809557182,0.7640053743691129,0.3,34.18966507911682
GradientBoosting,0.6086812686749697,0.2686216473450516,0.05365845119976234,0.26952380952380955,0.07225553043196441,0.2735978514239384,0.20021979228918557,0.032178862246973035,0.7428635101710047,0.24,76.54728293418884
XGBoost,0.5774759154276856,0.2195927517209518,0.05311831380175588,0.25,0.05532833351724881,0.19725666806311967,0.2106729838980414,0.027544509626837077,0.7300593317882579,0.2,32.63369798660278
LightGBM,0.589981609037524,0.23771734410693046,0.03676293089033487,0.25,0.04641330640385221,0.2414785954785955,0.2159588276607078,0.03484084263152668,0.7267943468939307,0.2,31.22364854812622
