operator_override,operator_confidence,y_prob,count
False,0.7,0.13192814106042397,94
True,0.6999999999999998,0.5746830503145853,6
